1,161.76111110497052,137.58168626572012,10,5,122.7344461725606,0,105.5143672600638,100.95573603860183,3,3,241.8845165505095,0,217.35325354992224,114.78726190412993,3,3,354.3543991217145,0,167.1855650867511,76.86822527185097,3,3,137.90517564627692,0,143.5710392950028,178.22635975354075,3,3,355.446306315857
1,88.99563975992538,150.77846376132237,10,5,183.86505812788977,0,51.67174825219911,223.05720643701707,3,3,109.88932633617401,0,75.89902376007899,7.118092782873077,3,3,264.12303474937266,0,188.6328293603646,246.66055698247376,3,3,139.29780376023677,0,62.323479836884644,121.70842294765467,3,3,175.24432428092325
1,146.77457714769758,55.747806561462106,10,5,346.3936352959423,0,201.9222410295256,231.53566951373526,3,3,172.56895299357052,0,124.96287129156073,34.622485658228214,3,3,68.27026468513611,0,196.25857644404545,185.91352969103121,3,3,338.20369147870525,0,229.1042139414744,30.79137300477575,3,3,12.671941175202619
1,66.8380351235369,30.322118050623274,10,5,626.251531681713,0,171.45010192653257,22.6596571290967,3,3,139.37104003581544,0,236.08648091465994,154.19166255683214,3,3,116.94693931922302,0,176.38779399919596,234.0473350774495,3,3,342.65214007094687,0,41.87159129429773,8.081787578225004,3,3,159.1263588521744
1,21.620562186161248,75.447274543624,10,5,673.0990949896628,0,174.63138214956703,198.64151450117538,3,3,95.66483736742907,0,212.7870951275626,43.61429690745919,3,3,104.3520878092827,0,194.8487074758405,176.50939587752475,3,3,260.7669848184818,0,95.17275356163188,11.90136024672708,3,3,11.192513832969894
1,194.5281967422426,176.1071679703751,10,5,673.9184437303361,0,83.4252824184367,127.29235300336063,3,3,111.03254745251036,0,241.65023344537647,6.008525763838918,3,3,62.287999694523705,0,129.99671848632306,163.08103076445633,3,3,15.703798013700293,0,172.2653443919279,108.19279206160317,3,3,289.4131827053327
1,28.069999743465164,119.44136433422834,10,5,1017.78824689149,0,145.2782905280148,61.206266595499216,3,3,339.52377287264767,0,151.75530742887906,143.34719702341877,3,3,291.6736774104538,0,118.82601135784577,129.53309963166333,3,3,231.9511895013211,0,93.99912684522923,64.85411348140426,3,3,333.997251125131
1,208.54731863325705,179.49573073467482,10,5,1377.4280558605499,0,122.142310593209,116.03969503764026,3,3,344.38531238904693,0,157.98437853853403,52.32192448323798,3,3,235.63808970124592,0,197.81709290375963,195.048796435749,3,3,21.06218857046656,0,36.14253829084498,179.94939275670976,3,3,166.66139760883698
1,233.99411307419402,186.48698596917322,10,5,1605.803876194863,0,114.68980512706915,35.35531846261489,3,3,6.299792160660218,0,248.5469685856017,148.5150069976637,3,3,141.78239871688947,0,69.60636204156384,225.0026362254659,3,3,311.2351454124539,0,47.617896666920416,106.84068072687901,3,3,336.67490025318364
1,216.19378573019227,38.84032698563757,10,5,1865.5337782071226,0,160.5936127374917,163.20513292852272,3,3,192.10615496751848,0,112.5101170541702,172.8406003604431,3,3,347.5070718733632,0,22.574137372837953,245.58986535445104,3,3,290.4799538989737,0,6.233587592097791,138.20294804162242,3,3,226.38114642695587
1,30.05457985271139,74.87812991644978,10,5,2068.2198016320203,0,162.31849095507596,33.25877179697687,3,3,301.27809565563666,0,6.340655120179889,112.46041556273985,3,3,85.73160118936494,0,15.002199045415495,19.39228294797772,3,3,85.54044841142286,0,131.4578109606912,148.7581924056587,3,3,55.06093351470736
1,142.752921510333,218.4920858093205,10,5,2319.285008328577,0,154.9411636137393,206.2682280155312,3,3,154.72404228545622,0,231.3710577358747,35.14983545366408,3,3,181.74885335164163,0,98.0605942411116,182.38031560421535,3,3,154.86277117328427,0,99.3636638125927,124.64767953724194,3,3,204.1973613374098
1,165.17883798740075,184.49227146848503,10,5,2398.3374281163146,0,173.85208631453872,155.68764407181823,3,3,57.95526555807828,0,219.74655836345283,86.9298561136417,3,3,102.29999803650168,0,153.77017525661836,116.96371329079022,3,3,137.57103808164743,0,184.59917189472174,138.1789467494077,3,3,97.86137353245431
1,154.94505902987254,154.11363156990336,10,5,2524.4415486205544,0,179.51499257532757,78.14141281680352,3,3,354.42633524906023,0,215.89052356751947,18.726529168389902,3,3,333.91955053732227,0,4.561473500554769,126.06428121597119,3,3,69.01988807367161,0,74.97614596847404,135.58913052358105,3,3,35.944887968377316
1,241.46997179409513,198.32255802678918,10,5,2695.4878570638043,0,123.64645776448086,29.95215155175785,3,3,65.75979149827299,0,103.93282351451157,75.74860599217234,3,3,251.28989387906222,0,191.12231557069873,37.92154765693189,3,3,157.74740157830092,0,137.7103957998824,49.043601019101146,3,3,28.672793892133086
1,226.39176695272332,15.13685690692348,10,5,2976.7500059748522,0,204.35682130084453,248.8711585564897,3,3,262.07611901989685,0,30.783603852250337,135.2086933859968,3,3,318.6116335383995,0,195.0191858476651,74.02760999159219,3,3,112.47039741925028,0,135.98762766551096,243.51883731384345,3,3,219.61482622953918
1,46.388935272336205,186.75166293930693,10,5,3164.225819954154,0,54.19075896325688,17.664155504230934,3,3,81.98281441500421,0,79.95752256413363,201.10334191895095,3,3,130.53640006208798,0,88.83062258826146,40.77146144755656,3,3,227.98217188350372,0,24.43872042138446,59.74246903081439,3,3,184.0869836154966
1,235.20400069225454,219.872636386769,10,5,3458.4310930076576,0,111.52256311470484,38.01157194213229,3,3,265.98635478803044,0,206.10958626860722,125.79216930057697,3,3,260.04414692352384,0,248.98251739222863,176.73906029008197,3,3,44.88067578794926,0,65.01925811225092,190.42576023887676,3,3,305.9053274514472
1,221.88655609294682,215.574524384329,10,5,3473.5312151919115,0,21.10652505677089,57.01138438676202,3,3,169.91230703301562,0,226.2090338729932,73.33100403031295,3,3,280.8072377561548,0,239.04483825731404,210.64932953149548,3,3,307.0570242963181,0,195.5369895111367,132.29379265856514,3,3,25.988231839734908
1,216.4968724089294,223.24673730142692,10,5,3495.860850932329,0,6.277157747935092,152.37776664058825,3,3,243.34410486886827,0,110.47238874367619,228.8629099627408,3,3,340.9812945878839,0,141.02550116166583,124.72317704263227,3,3,202.52704539505112,0,85.51188843417549,209.5534304538178,3,3,76.40521604530568
1,87.71083892387324,143.738720776589,10,5,3672.637369826357,0,114.30038642365471,245.80060063325544,3,3,196.66216421218905,0,32.1723729534192,156.10730519947677,3,3,315.4479641079379,0,5.734806323203628,72.910201670404,3,3,164.05300554198038,0,195.3448580777936,128.74752712458923,3,3,128.86631938801975
1,217.6787511674983,48.92793037494707,10,5,3992.9914855102643,0,226.10949868726138,55.74965662592615,3,3,69.64458692499511,0,31.05022229750969,153.72123442949214,3,3,242.54782669526412,0,59.07145632827178,165.6233824923194,3,3,30.912832265303223,0,41.51287412955088,230.23539302499617,3,3,332.7436523209708
1,112.53104334800652,228.8398496304893,10,5,4005.4346539340418,0,149.58507480003112,236.85109779039982,3,3,85.1511131784423,0,186.3343918893198,21.75604566873173,3,3,102.135743014745,0,96.17330612324903,136.34919376080452,3,3,87.82627831741002,0,64.46330658435235,29.92781933606173,3,3,319.83618080769156
1,222.5751815405825,65.32199722424325,10,5,4178.195911825499,0,184.2151154545979,20.92945293744657,3,3,273.2164438789496,0,35.431026584681575,55.91933619035467,3,3,225.79723698959424,0,96.66378034313647,28.62571770069252,3,3,103.66475861140407,0,125.95621963757836,48.48116833179634,3,3,125.42525303249931
1,63.28934574189188,240.59393977903287,10,5,4528.80701964134,0,194.50867434552742,221.26366907358343,3,3,215.8044305242056,0,157.04321075587518,122.16722934806737,3,3,9.128127079203296,0,12.758712045622872,45.1335845334859,3,3,87.98979728118229,0,121.26100026610266,72.30183933922453,3,3,176.31156376430044
1,23.10110202090445,48.17461446610311,10,5,4833.407639948689,0,105.55217262765134,3.934814464160951,3,3,263.8278537144952,0,146.58638030685205,65.43360593640458,3,3,121.8202188359337,0,55.53826413027156,204.61507784732504,3,3,103.46933853099199,0,37.988320666859465,131.14266719238051,3,3,276.88888918562316
1,152.60940017686815,46.11094348610878,10,5,4888.076380677208,0,5.600799453375686,181.00380020876494,3,3,166.04932324539823,0,251.3570152242124,236.67847685760688,3,3,340.6570536073077,0,45.013106707749074,185.8230134375053,3,3,26.656506885143244,0,143.18796002077625,141.01888524342334,3,3,96.0442122772165
1,133.16263384511066,215.58553612391026,10,5,5213.430349282123,0,127.17088953110326,92.75485182292923,3,3,323.76298820916145,0,28.557067676437697,24.45335489089871,3,3,220.86667006736207,0,212.0743844937815,92.98606409944156,3,3,79.02239420894784,0,220.06475657101427,183.95470892411186,3,3,179.86847439561188
1,52.03935197967727,82.95514786744334,10,5,5507.682669247763,0,239.23966786863258,227.18679578463573,3,3,209.24060872542395,0,13.752690762053902,62.60935624427691,3,3,280.5973541375324,0,6.918117397051276,156.43583937295972,3,3,340.2620072175687,0,163.65631042162576,171.10825049280112,3,3,107.38707265345238
1,60.9306262409426,37.66853686854589,10,5,6155.943103479445,0,87.79552182480927,145.61911777136748,3,3,270.08781109133906,0,125.1508257464616,13.115674107930289,3,3,11.877446432074976,0,106.62056480899281,36.3933521402123,3,3,38.25646168836465,0,219.75006960268666,242.25421583256008,3,3,212.01248382474023
1,129.37420667775206,30.903533968527654,10,5,6446.013154142431,0,101.23340891767052,245.49175599935595,3,3,94.40162812848666,0,189.4486942340548,165.47497596838102,3,3,127.40845855202224,0,101.25668193077541,60.2172777694004,3,3,310.25230277200905,0,240.6116988044996,167.87859826993005,3,3,73.59137415064288
1,41.52721649541576,108.2813785496748,10,5,6531.103974886639,0,99.98479604597401,233.9374081344364,3,3,336.93075048114133,0,72.34267014893831,27.577562546306893,3,3,175.7962499597843,0,95.8500209709295,193.39036321417265,3,3,152.08376622369997,0,46.71123383117185,53.24789908008367,3,3,232.50987977438217
1,148.169827553784,31.009044126366064,10,5,6756.868928742813,0,199.33972028222058,25.76681808736089,3,3,326.9585758119965,0,154.45712923564534,81.79977563937683,3,3,53.36581865676271,0,11.696417337262858,171.92993634778014,3,3,301.44547877124023,0,70.92571604752999,140.90936374805173,3,3,207.34815816824812
1,123.63243068685965,217.82522434629792,10,5,7145.020464545493,0,191.80370104392367,110.71297732795207,3,3,281.1610233507945,0,129.6285392348376,149.8845566491259,3,3,239.610698485968,0,209.05201754749507,20.51609098688627,3,3,351.1171334705632,0,116.52824638370353,40.78109442643523,3,3,199.94430640048813
1,107.44727428686639,216.44272481327448,10,5,7503.960610986973,0,139.77248139818312,175.54575331017557,3,3,28.58051246666787,0,112.13434920912232,173.2326889653216,3,3,250.42898055131263,0,72.17849597302751,110.70016309660855,3,3,171.11291663319298,0,137.81414361998057,195.78189853926025,3,3,60.27777860999777
1,111.38625076805718,87.85728488945223,10,5,7652.009494578402,0,148.94720185255008,177.98895139323213,3,3,351.6994129673867,0,220.21541419734487,169.02158110350726,3,3,258.56962486513567,0,14.762709452053855,7.39795430557308,3,3,194.35301638222427,0,249.11938057073087,11.711211569569713,3,3,346.58415916246213
1,205.26044975343498,230.34949540585143,10,5,7914.883303756599,0,9.485579434441007,86.21081026392082,3,3,154.24834623798688,0,179.56747176370098,146.26248834542295,3,3,111.1260986161742,0,180.03301321797179,7.176040752025131,3,3,352.16235780117495,0,194.14017071586835,222.15532381622626,3,3,322.22862349846946
1,66.8212207327537,128.20336083957037,10,5,7975.112674013952,0,245.5317051776576,85.90535395427932,3,3,213.7171501261464,0,240.17423904057074,180.48793680361752,3,3,278.03365475864666,0,34.9138876804945,173.67720876905796,3,3,303.9024738500848,0,204.17691810380236,25.87295146830124,3,3,80.82679074155203
1,85.14860570874878,134.9240775406373,10,5,8326.16090053656,0,30.741882595765077,212.6042064441666,3,3,98.29067272520479,0,142.1632976132012,208.74454555845006,3,3,349.41141666080875,0,235.79952358813176,251.41910321512512,3,3,7.5291126775191515,0,132.71328130800129,170.4858054087498,3,3,136.87765385102466
1,170.1079933717026,145.11599156134434,10,5,8671.557827863333,0,27.64604986965557,159.2353097500142,3,3,243.68042058516403,0,207.1649875974828,227.25928575454245,3,3,311.3463199438065,0,14.92057985290387,150.2091715185834,3,3,7.676726376530496,0,39.85301266901473,99.00829659035313,3,3,288.9487996498792
1,75.02112076475723,73.15186474603388,10,5,8771.796606070724,0,52.26920868398594,53.68668770867467,3,3,356.6923665674731,0,205.25491843752204,211.82814067883723,3,3,278.26343575033025,0,118.53347927670842,208.6997242023835,3,3,141.0400273871419,0,63.1363356010427,207.23779569460348,3,3,170.12692715020057
1,227.64696462428716,122.25688082847283,10,5,8996.937928615715,0,70.64864291372032,223.21813164233575,3,3,281.48964207704194,0,26.15906670520539,30.094205270523787,3,3,128.5517827537169,0,13.973204162308093,55.319575636258776,3,3,275.6851475129297,0,134.93699449616258,113.48339292871736,3,3,160.72104734180175
1,237.62171592947493,215.47938973939816,10,5,9319.67050973987,0,60.8823379512898,228.05961443646788,3,3,133.14596101886673,0,122.19394078559225,79.21326926642541,3,3,116.20729356207005,0,226.54228925413028,35.76779644158435,3,3,124.21895589458472,0,63.08847791243298,196.10720056614753,3,3,220.66901483026595
1,24.09758577073532,146.94182647741275,10,5,9591.177136698341,0,55.61106711200077,25.19038284546744,3,3,80.71140695731265,0,85.16913567116086,207.02333460015475,3,3,322.6011923040969,0,155.49509059556118,242.71203000282821,3,3,81.3652797485538,0,164.7105240409844,114.64437767310554,3,3,203.7985979486166
1,201.05628067951355,55.199018377489274,10,5,9728.701922017184,0,166.6438633837709,26.81173256979443,3,3,270.1307289902106,0,50.46029815989283,211.4480619335815,3,3,67.64391634415915,0,8.158653785917465,116.21526634246808,3,3,331.0824994471586,0,240.0273104316358,130.69247642582937,3,3,179.49073439257336
1,92.81533588268843,202.96613020956232,10,5,9908.373541636262,0,203.83528951808944,119.68999288039248,3,3,227.26555053218,0,15.188667206545034,55.268659372413,3,3,200.2944469851791,0,211.8631639654411,250.124381023776,3,3,135.68592949913182,0,63.508222970958826,134.47489629864825,3,3,44.212258987288806
1,87.09355811351311,216.48331231913326,10,5,10022.751735140295,0,88.96564128784885,241.2208846413234,3,3,21.656360564196802,0,29.045579966584853,129.14357526616652,3,3,327.6610702304224,0,190.76352629165999,4.976119175863744,3,3,32.874647350712394,0,99.44531506475292,236.69027930212832,3,3,51.37164613522873
1,238.03227192119135,34.409288094256134,10,5,10168.022296846959,0,105.81958117983501,93.24865189818422,3,3,23.52825562571161,0,160.58171684747788,136.47437661178412,3,3,302.28562023093946,0,46.46224019683302,29.337678660866658,3,3,79.19938679779625,0,22.562881439349354,117.1350639387652,3,3,112.56947195579596
1,197.79605938268747,210.0463511556016,10,5,10372.852944549786,0,185.14873311979946,202.7342236185131,3,3,208.7928254929866,0,39.20455381005266,238.95041670351773,3,3,84.92481739305913,0,75.59269520839143,178.06088312930126,3,3,237.3854946634492,0,129.77844954430046,139.8599715152654,3,3,281.1114009973935
1,44.347156653051606,216.95985199625943,10,5,10536.544225011796,0,200.24474319208946,67.65260029336304,3,3,12.25591734401496,0,10.242910365824628,210.93356639935536,3,3,36.33504806643032,0,125.707529721117,245.10285498247228,3,3,73.14436372539058,0,222.77813359793302,14.611144079129332,3,3,89.43616076114631
1,99.56961953784081,224.8732378659028,10,5,10672.458092606066,0,176.53499158811485,29.406354637706386,3,3,230.80299921664937,0,249.41965781628963,107.14966094745097,3,3,127.8261421228708,0,213.26909670828107,143.28262072342457,3,3,216.59553832230995,0,58.22896838469836,115.05648613726706,3,3,127.36537137521282
1,228.56772771403922,26.16248609515007,10,5,10877.388882406725,0,214.65713145920625,163.31441506446572,3,3,287.57365761933943,0,56.02219269611416,112.75083313786024,3,3,209.04007618850665,0,203.84735096469504,51.127837072090585,3,3,235.99725302733896,0,133.77561503928655,138.00819761501356,3,3,278.3104729369188
1,35.398559857657716,138.9878576206372,10,5,11055.49887003866,0,24.106553332253185,162.9550159576567,3,3,105.3091735672721,0,45.827701563447874,58.59734592173251,3,3,205.98206834945995,0,148.71592831397712,41.208627177777174,3,3,154.99945479631242,0,29.70919256879327,233.0847783942322,3,3,72.03360907048045
1,46.83972630375811,175.66171674730856,10,5,11284.864447962225,0,66.01766808547109,31.65681928848508,3,3,242.90895295697737,0,193.56519439321096,99.02532104396178,3,3,120.58240090187064,0,94.83730817385333,127.97867818311033,3,3,98.7204448583434,0,17.000317999849443,121.22525016998765,3,3,143.5155756175045
1,165.25124597474263,56.07988186405626,10,5,11611.046160103437,0,194.3861633032981,189.4421004794146,3,3,150.85858769386505,0,115.25334508658682,128.12523516007838,3,3,9.451669771102388,0,217.9897855237816,63.95372857088907,3,3,343.09364560272115,0,176.3675675140739,202.43597803189536,3,3,334.4840812004986
1,196.2134923878541,19.86983768682331,10,5,11736.571304815534,0,59.523519770836344,66.58632583317882,3,3,43.882737611056655,0,117.43505034175814,142.24339174423454,3,3,6.433934309126357,0,232.01413541557454,177.35746680928625,3,3,75.77704945940786,0,154.2513964133417,237.91619164734502,3,3,305.393331622985
1,176.68810632747238,37.19217082397357,10,5,11763.100996239926,0,141.6458705622421,58.9088109518911,3,3,29.053652033288017,0,4.367848193998299,123.18955664230512,3,3,299.6238919140196,0,56.09470330169307,38.65249546925412,3,3,328.5391218602181,0,229.03113980335496,40.545955931592914,3,3,260.0253725809515
1,156.92826279353622,89.18998801107728,10,5,11902.198762552016,0,114.49499219813816,217.7221985530125,3,3,48.065692927948476,0,156.84749869576683,72.76620415472445,3,3,3.9697005611706118,0,89.4762902652883,230.18269825425273,3,3,164.8693413330493,0,34.81751446661846,252.08329102206812,3,3,10.916606399448938
1,149.21256021037004,53.099534789160074,10,5,12229.55161219447,0,85.39077686556428,120.95070250608475,3,3,214.6903889339119,0,98.62694087357022,119.43334689176137,3,3,137.39302183498694,0,124.86782021049308,6.44951204398825,3,3,167.8518451056243,0,51.50905259952057,155.11334706334733,3,3,82.26920788487587
1,204.90707288906418,187.3806928948762,10,5,12247.342205794912,0,79.3096904067161,203.47269357865457,3,3,349.5689555919598,0,12.516091607663299,191.90090279504827,3,3,266.9989117383975,0,226.6915007619218,83.21912491933719,3,3,12.185180616565049,0,75.05807270960298,4.575288040330662,3,3,21.00952883170794
1,213.9503170113095,77.70652194482194,10,5,12501.394168621235,0,28.08668721749268,88.75973016314549,3,3,151.16327076836933,0,243.44724412563363,246.88546198709295,3,3,170.88618663980378,0,237.5699548465523,59.56141048190463,3,3,301.55881671858697,0,151.2012801215203,161.9146776723503,3,3,68.97208201926333
1,34.67408896414667,182.74831642131596,10,5,12594.068112728244,0,10.77586290499579,69.68487048127196,3,3,209.4641690497774,0,138.12806301223998,68.26411604572817,3,3,241.5917361817883,0,12.926510352667691,97.84291874176907,3,3,110.2922465753727,0,246.26392003208085,110.47508812683725,3,3,30.35833670111606
1,146.3092662553628,206.00673267320136,10,5,12710.061417886363,0,50.46217678072071,80.28949075222667,3,3,268.2689796634238,0,225.80853255312647,71.74736169779513,3,3,358.8872325270968,0,12.191640028960904,85.32694865546952,3,3,46.72529766832122,0,162.88987463865158,127.6156841188241,3,3,98.85484089335478
1,231.542107385177,200.46451650713928,10,5,12971.538797260957,0,63.95027821302057,80.5497786743455,3,3,129.90283680121684,0,212.25082247747417,154.46167276119914,3,3,354.26275357936356,0,126.32624331734925,81.15110667853108,3,3,304.68730647234406,0,115.89671044560592,120.15581032970738,3,3,76.46390735229761
1,211.80501481154246,101.81452955362552,10,5,13218.32715213969,0,191.24163608790687,222.42884778351018,3,3,317.34608953518364,0,126.61009975499331,83.1513589744595,3,3,166.14433124479365,0,142.56250439472882,15.094055548508493,3,3,255.8181714957882,0,208.51065818736657,78.69030568599908,3,3,311.9528945998318
1,149.22779233413678,136.40464494132812,10,5,13407.048305116947,0,163.25475244428222,62.01156284713508,3,3,151.87510623773716,0,184.39292353263733,17.789202005893912,3,3,23.274610748190753,0,181.33170880129657,136.40990050997,3,3,336.1574427491687,0,135.8382691848362,242.69492373352472,3,3,88.86961306239573
1,46.66146374453225,224.7205032512504,10,5,13611.861927353084,0,19.39002211900916,51.54663790413656,3,3,217.515135881069,0,61.46882663282048,24.30215259711352,3,3,176.82616214048176,0,141.57372718525016,71.93382612403855,3,3,344.9573061707579,0,19.120556186244585,224.66790002568715,3,3,284.51185068841914
1,121.26296163739742,30.105988319966556,10,5,13696.2077343179,0,200.93128259191786,167.19634082836842,3,3,177.73500817001332,0,19.413123345243463,177.6612983812682,3,3,273.7410154270601,0,61.080516010598615,160.30209008368334,3,3,291.25636832462806,0,146.13857144728527,71.5287424062966,3,3,66.02488330539927
1,201.3436858698321,75.52790235738838,10,5,13752.503237370716,0,212.9339077751353,62.96242938432067,3,3,63.093159847796414,0,41.53388635660468,121.4871740930227,3,3,131.06366428406182,0,12.189285450415895,236.69515854204698,3,3,32.721812043248065,0,7.0136705377027795,24.8561893470374,3,3,74.52180295551261
1,94.36834949617533,16.561175022079755,10,5,13818.796545513193,0,105.73582622784025,102.1028430877571,3,3,213.69228130723786,0,118.24537752741239,80.12711739989979,3,3,40.24125921268569,0,53.79868047293817,152.2385670337878,3,3,274.42905949838496,0,169.37410487034532,36.39878379696637,3,3,78.30623523064423
1,62.136114500532436,58.422414789566254,10,5,13878.59926317395,0,140.61815460404563,74.7271932234454,3,3,320.3478944958115,0,13.781855607470163,194.25347695252708,3,3,70.09665095193304,0,56.82710763195897,192.7237602975187,3,3,236.1177006222788,0,179.06564520889577,164.79317636834125,3,3,306.7994504887047
1,117.46878611144095,107.48734698629724,10,5,14059.35593097334,0,240.62589146409596,108.67318905328344,3,3,193.97041755359533,0,95.40949704062703,38.832381877956976,3,3,242.05943815013052,0,231.0979852343987,26.188034615005165,3,3,100.44981293069031,0,135.8251643921729,112.78856730646751,3,3,256.9104156082067
1,219.9108760401303,34.08728231396049,10,5,14403.06454612417,0,146.76814484440797,33.99856554554265,3,3,64.09923340640489,0,240.5682509840323,68.44558477016156,3,3,282.1189487048723,0,218.67013849082062,236.7081132918016,3,3,6.5592336378394975,0,30.277392048248032,36.61981690607806,3,3,75.3278060673365
1,62.73988384895394,59.02461789022934,10,5,14726.604738143891,0,95.34250805904881,170.84541997739626,3,3,278.8218973745534,0,61.54966625988723,214.34687699733246,3,3,304.7047155037617,0,164.66926443455574,229.115355132712,3,3,114.22776577492732,0,29.06184056028934,29.150796165312272,3,3,85.35002123786217
1,41.69639709111769,229.8908654686304,10,5,14965.27087383361,0,46.9369377797066,176.28190523304372,3,3,150.03906269687286,0,101.70163895935633,34.089031887223314,3,3,239.03705042554066,0,48.13351329119999,211.82179140914457,3,3,281.8581713393378,0,152.22780082713726,36.055458816750246,3,3,236.95480913659958
1,153.66432357883323,61.94687032375929,10,5,15063.675423627948,0,129.542221412128,164.34395110316433,3,3,69.81598085406586,0,111.34227694952745,14.462498283262391,3,3,195.31080051814752,0,60.24846474502624,130.8341436810908,3,3,289.78618625214585,0,56.05955206628764,14.31501956118447,3,3,195.88706343261947
1,50.02400017298825,177.43121663979463,10,5,15142.7810138356,0,191.85502733608186,182.75789359528386,3,3,338.77152087194736,0,68.02770522481251,151.46226923491116,3,3,202.44695916218006,0,237.93891613143498,25.62561509320122,3,3,38.81017755080029,0,162.20745144189388,186.49263652768923,3,3,22.14577098976406
1,189.75984053788417,51.38665178853807,10,5,15236.766691351679,0,41.68233460709959,219.6640522155202,3,3,250.8391278499821,0,79.37988961963393,23.656396107560994,3,3,288.1998884023851,0,27.049190883656053,177.24078684030508,3,3,357.84856468686485,0,121.62897527072522,143.13820649768903,3,3,270.0398010630979
1,158.9288593434147,221.14355190492637,10,5,15248.85211954127,0,21.411755504034858,197.94827002328338,3,3,177.418287297387,0,138.34795319956032,66.96709300167049,3,3,180.17982294804824,0,123.0136833242239,18.937113499787557,3,3,193.65446971173878,0,114.52070688434813,37.46124772168898,3,3,163.8977085631832
1,158.55447768276753,155.0042653041306,10,5,15429.980795457286,0,127.1329592417159,188.1852910033776,3,3,234.96089447438135,0,21.356885054967762,136.73258062975478,3,3,357.3622010204417,0,189.10252383745046,170.64782435291616,3,3,328.9840322514556,0,61.82434490540828,28.75892571260269,3,3,17.215511515587423
1,169.2699019016131,205.41454158254544,10,5,15706.219927724398,0,66.63185754177894,212.2820314699576,3,3,330.3750711565135,0,114.33656685827879,202.3584071750275,3,3,148.6907750235223,0,18.467416814246633,101.70710497719682,3,3,179.9931002555095,0,7.5108104944356455,41.86886922704929,3,3,273.1619261175165
1,139.51277768956714,136.96604391056428,10,5,16005.916589312243,0,109.15809457641308,112.63894421926648,3,3,56.077363936745314,0,242.1045474071183,38.93638133719554,3,3,166.51626542676422,0,35.492163696899496,51.93414323028972,3,3,345.0690328916007,0,204.43193130775882,63.04698174200402,3,3,61.89102251731674
1,197.08686474534468,158.80344890669917,10,5,16171.314719567008,0,135.15099563031956,245.28181433293034,3,3,32.152955390169154,0,163.83561655868735,64.80688894840313,3,3,22.205537690673737,0,162.71000698300517,164.34745141475804,3,3,116.03539507271307,0,221.17909154825412,11.626499099279783,3,3,310.65445830722456
1,172.7009191153557,165.32711510300572,10,5,16519.96600427614,0,105.18201382114833,230.73856036762567,3,3,346.94799716525085,0,72.44927967441814,89.15547983884326,3,3,250.78835198123852,0,164.16403041509773,52.35073108753724,3,3,175.98267076601527,0,29.275189338806854,153.73523168325949,3,3,175.06112300843233
1,202.7756343231095,166.89061205935522,10,5,16714.74381945092,0,134.7058624654423,33.028009883921044,3,3,196.75328567014367,0,84.19396275967199,242.2086265812183,3,3,180.53405460980866,0,173.28200780402273,92.76996454588414,3,3,147.33656588246595,0,15.807808306686383,212.96688893700664,3,3,137.8946361733033
1,122.33444441971217,22.28150688435136,10,5,16935.9393473179,0,170.14102657917113,182.8645829469685,3,3,71.52323128329226,0,202.11133232051782,119.55466544220755,3,3,55.681624468019436,0,228.01267743810502,211.5921680550667,3,3,90.28797495684921,0,195.15081541025083,233.0866602922433,3,3,131.782900198079
1,195.7421162986648,36.05790058619355,10,5,17023.249266391755,0,113.816292697085,171.06735719461238,3,3,175.3302919780799,0,171.35013141648696,226.35599915107244,3,3,349.3860172857203,0,72.70842664365838,84.71234692430696,3,3,185.73089658420213,0,10.939619596662368,109.0210832860889,3,3,126.79761382208744
1,144.27403020745297,179.98126315682077,10,5,17283.464493742445,0,199.8946405100437,229.8349964951971,3,3,168.43302951761507,0,114.67863411410426,235.7774085604063,3,3,220.8887871594452,0,117.24588566730813,26.17381847148451,3,3,153.69125806727243,0,234.25059446462998,73.57791860977517,3,3,155.1341684343024
1,69.43164122493226,179.84034564145884,10,5,17311.23550605618,0,46.2611245948782,37.82818324017666,3,3,345.12250068701906,0,48.62832232826773,197.6128268301399,3,3,311.7956188836579,0,89.93192227125783,188.63771407439626,3,3,348.0705405389417,0,108.13158462002971,57.13056695553513,3,3,311.038453415993
1,194.5320777887413,29.136595191858223,10,5,17626.847144377844,0,175.49892485858436,185.82400352682927,3,3,176.45966642524218,0,211.5160061712918,170.2715619956797,3,3,96.68601655317616,0,12.765262950867623,166.42678770800308,3,3,45.818157587898895,0,135.88753337986972,41.040647760662864,3,3,216.266801130947
1,68.66815895482142,144.8046285660924,10,5,17929.383028691293,0,130.0612556268192,157.16569169587774,3,3,234.49306579402037,0,55.67111355584515,211.19704331762176,3,3,99.18073243961044,0,26.664892763539598,86.3356232067695,3,3,206.48280459914167,0,54.343843107492916,115.27253342085439,3,3,179.10599678085782
1,219.81217480817816,227.5989533029212,10,5,18025.91193501706,0,82.7871122865748,115.27238887134294,3,3,225.0858008545365,0,205.22844433042275,15.081250944184433,3,3,283.69101254422276,0,245.35355376570004,200.16122716723146,3,3,241.9880907325787,0,174.80540890694576,69.9067327335066,3,3,204.7062994252883
1,92.98510541784604,19.308978715315778,10,5,18246.826843828254,0,159.50953978318216,136.75613572581955,3,3,151.41136570553135,0,120.60676834013631,75.2292174022804,3,3,333.59398767280436,0,182.25796203574654,198.21300550005398,3,3,287.55251891865555,0,171.98059235815552,218.65444762737275,3,3,66.24170991894425
1,190.2783386249352,131.174516027066,10,5,18343.522157312294,0,53.73905166725669,118.96265390605322,3,3,78.30926780680238,0,63.94504298919654,200.0984389979021,3,3,199.5970675271783,0,34.6362955880052,157.5458719245686,3,3,70.74647525625551,0,204.42630948029955,163.23929418926096,3,3,349.5564303163592
1,191.46977465003204,26.759968234375407,10,5,18617.776266620553,0,186.12949598082702,105.46619819457169,3,3,198.93655151410712,0,21.60039186295981,231.6552882513818,3,3,297.76444957738204,0,62.84375088030794,119.90754732673471,3,3,122.41441507865966,0,85.92976966147938,58.84068779565797,3,3,252.13979833533813
1,170.96964091757124,87.71841606011624,10,5,18882.120940147335,0,245.95421659261848,206.23678326940453,3,3,93.25964755095993,0,94.90227241298567,101.6765445026511,3,3,270.38432309433847,0,124.73934667081562,55.90450854941642,3,3,56.28744491127509,0,52.84214541061718,52.40237006034812,3,3,194.95802800378806
1,97.15225134534165,170.73140921615308,10,5,18902.9658764134,0,162.46967581138532,219.17708595630816,3,3,283.5507239045837,0,94.71219855519024,204.65052394834095,3,3,66.06321640753958,0,5.137225258695366,188.27965645320643,3,3,69.23126495710676,0,197.36717310693342,205.09177678263103,3,3,155.53460620965416
1,168.8242954181043,154.16880840625367,10,5,19053.723718683483,0,231.1029166682974,189.62173671146442,3,3,347.0564248172159,0,140.52357023675427,248.75080823431213,3,3,311.27757289814326,0,62.845686880493815,219.9220651523623,3,3,220.7418828532675,0,73.58098456914121,235.86553850740367,3,3,56.93173844270132
1,203.16252715610537,58.303683139568044,10,5,19190.4578953163,0,40.26956413515859,246.53817460441246,3,3,212.9658218654804,0,202.34075068609542,186.37056710326095,3,3,322.95406056453794,0,237.74062184221953,178.8392946230099,3,3,91.54659473718857,0,51.01347270479616,153.32310243096154,3,3,248.7191201194073
1,217.70915422517413,214.1908480482029,10,5,19520.695725459023,0,159.9452998585201,152.60346764658806,3,3,224.1120393531528,0,101.53950599008215,216.69596249626895,3,3,184.52877581307985,0,244.78212665768947,138.4321702879337,3,3,154.4487957066085,0,212.95294471773926,99.35404677603782,3,3,45.37342060847004
1,51.74997191575896,71.22598816612997,10,5,19712.412015032187,0,50.17229657730087,226.08501362090715,3,3,106.58484208226639,0,112.65293420925485,168.23752883865987,3,3,310.92574050876647,0,75.2302278641342,36.781460798919085,3,3,243.42823601072814,0,177.7673223850567,53.845524689667116,3,3,180.0361051366126
1,174.40213776515824,97.84728963738549,10,5,19866.853555315345,0,223.67283090562026,124.14751379537284,3,3,275.5404699285755,0,240.38576439086688,248.40142237158594,3,3,194.72315750077905,0,7.612230235342992,144.99612318937426,3,3,218.65257670338542,0,26.515251270723553,81.81208807429044,3,3,253.6656750913935
1,230.96121055890433,50.268281186428126,10,5,19920.378734713486,0,54.18643423447543,8.643783690592727,3,3,52.16746008173868,0,35.93777295355747,165.73201732812947,3,3,354.13751385260184,0,188.4367623608053,46.11444083365143,3,3,157.41905320575097,0,138.96437778941322,155.1235472941038,3,3,341.4880789095805
1,203.2858893624441,35.074223598204966,10,5,20234.663424455746,0,102.99140856823621,142.05219804475232,3,3,282.2287802647006,0,206.9505540732692,148.399611093042,3,3,221.705428754718,0,64.32597701965088,132.03164966503564,3,3,150.4042570217971,0,165.5427409568396,225.80086650982497,3,3,164.10070897343758
1,73.5771055336182,220.21144202319365,10,5,20265.76144518772,0,49.57633637020325,125.53898599479038,3,3,166.42281132553762,0,188.48831200588359,62.51064491811772,3,3,166.54200923397366,0,208.4529475228627,192.85738246271026,3,3,321.564219694261,0,4.20705879546054,23.65475961340033,3,3,90.44938099355932
1,199.36944258044895,116.28055946174388,10,5,20370.273431282036,0,15.412006903466477,23.849563980970373,3,3,15.825976997162797,0,113.50060946033798,21.0778254582589,3,3,85.54976406834976,0,250.4075158239631,155.4756320836298,3,3,306.3506834710679,0,236.24408558469563,166.43511902817565,3,3,257.56159583237513
1,225.8124942582767,154.30550928850636,10,5,20455.37477915632,0,196.33293860690497,90.2311848156765,3,3,99.41546436399949,0,185.11058640494713,142.89831469486438,3,3,123.6674813937716,0,134.4732180035763,193.04561289170536,3,3,113.00789167011317,0,138.41898975855065,73.08777424023373,3,3,36.649647367579746
1,144.5088219316466,173.98594138409257,10,5,20555.104438252718,0,111.4961514707779,60.26679398027824,3,3,110.37597171961534,0,37.825601498509144,20.318869861884792,3,3,39.57621089233362,0,248.2452366665377,169.36292182460605,3,3,223.14770449800199,0,160.3167504122896,139.27588441188868,3,3,200.68077891360008
1,221.6374728165316,165.326224292298,10,5,20772.54295163258,0,120.39733690526637,190.60598328363946,3,3,5.753375247797521,0,238.714424044549,38.12617790538408,3,3,201.18257227574213,0,180.33410467366798,26.286785824847783,3,3,319.07753073970525,0,249.46333015745898,247.15904322842815,3,3,229.91923643740301
1,60.809514665779155,179.73231208529924,10,5,21029.072101737573,0,248.84522989014184,99.21982031576457,3,3,311.698372022136,0,80.95513590995827,211.3221836719718,3,3,131.44130418481654,0,223.8155996786242,138.43277780618166,3,3,294.3921130320341,0,26.14039026621643,59.898871496525686,3,3,201.94021787208476
1,121.27600149219282,83.86996705179625,10,5,21065.683929748342,0,141.5330979018156,39.08308796164607,3,3,17.26149218901628,0,218.21221097059268,140.40610567887302,3,3,303.4314583656778,0,18.087055120981432,182.48563080993188,3,3,307.8516428865909,0,170.64578671796136,246.02319524348903,3,3,199.95037829044668
1,239.05907968916264,111.83678505213085,10,5,21186.360624299836,0,47.65258707408691,177.69850928021918,3,3,168.0213720069696,0,99.863915691937,51.594883086519246,3,3,276.5430506338744,0,250.0430529256608,51.69812047342029,3,3,189.66855117382875,0,112.27162258963395,12.834818315573727,3,3,75.39199305323564
1,185.15477765418765,85.49712605213075,10,5,21722.30502636698,0,102.22251721428734,220.7568140603309,3,3,217.9327605648864,0,59.507474577587345,218.56384032763805,3,3,292.83008362649707,0,85.98180696768856,138.42158887424128,3,3,228.4186612571575,0,46.987911837104775,117.12874387113982,3,3,194.3939045424886
1,222.83487488128387,62.091767924449506,10,5,21793.209590383383,0,124.39248343255554,44.202472378970185,3,3,135.46503445416965,0,192.5757405208114,107.80165205700592,3,3,86.25514243394355,0,15.267457589165389,47.688210211037585,3,3,214.39889259478514,0,205.05778078026648,76.01748158603891,3,3,126.08720745178653
1,152.59782083314266,98.95555602902255,10,5,22147.03905431551,0,60.228373814088314,244.49653521770136,3,3,293.6571497220757,0,224.5775984301537,79.19082095767243,3,3,62.94137562931428,0,89.2692067161004,48.134641482451485,3,3,51.62313494861883,0,204.87870888968322,110.72384689019034,3,3,123.34261785663693
1,155.95755460067113,134.0748983771206,10,5,22346.973282079754,0,173.06573734523067,226.072450811366,3,3,353.99110472464054,0,88.23145879728287,154.59692899547483,3,3,221.71629056335587,0,80.29672374605033,208.37567187874072,3,3,42.0866615900668,0,218.12627045303972,204.70987185476184,3,3,62.201137142485095
1,73.65530019859868,231.51011884603076,10,5,22665.248820207933,0,156.11208285291633,166.3946468699414,3,3,345.6701855918145,0,91.13051381718066,94.41309825493931,3,3,166.34342180500607,0,148.60055502809007,26.87621168732187,3,3,23.69521295134473,0,27.68880651152466,184.1415717953307,3,3,271.7563381742257
1,184.2367754248969,178.35941783709083,10,5,22920.87903836555,0,201.42878155338605,138.09730338638886,3,3,187.75680233337584,0,237.21522076652386,70.73919856796712,3,3,249.65226076363615,0,140.56634606529687,103.7689192081125,3,3,146.30127410758723,0,58.19398429308242,127.97225735921003,3,3,96.20982684222525
1,34.61035773177616,220.7112385258042,10,5,23191.8892437942,0,81.63442020941773,20.900790462178463,3,3,279.09550717080856,0,235.1273858310795,102.81604748220593,3,3,194.85216939152815,0,140.32847262574555,100.83747798489387,3,3,245.30530080251992,0,185.0507395426209,59.496362583153996,3,3,283.2682443724916
1,223.42406574769674,164.2090657765051,10,5,23504.05059135252,0,82.22466568927112,123.00464306054093,3,3,8.59438284522912,0,167.5763691021456,124.06673822395527,3,3,288.8657076596064,0,156.56390394629582,95.52302629315477,3,3,34.31151720783964,0,109.35584450546617,33.20278109270021,3,3,8.884557823726936
1,157.47508035907106,50.706179964427996,10,5,23589.058373978267,0,152.32146598422295,132.15498786414022,3,3,115.14774182903056,0,80.06213752073185,180.17874811321212,3,3,311.2995669926495,0,210.3961614870436,24.225554925145303,3,3,68.92051160704796,0,20.787238374608762,77.77640502356127,3,3,244.41563890494217
1,15.112961415436542,47.77969227860003,10,5,23985.924571658226,0,88.221967926818,98.52811571844498,3,3,121.50577440159032,0,32.013867444289104,19.96080753368102,3,3,148.59737464327554,0,238.88710537554476,85.34835369265653,3,3,206.03693198393375,0,29.27135629954364,198.65955000129367,3,3,133.91915032978795
1,231.9590007094232,56.11575932498448,10,5,24327.30273093355,0,234.825907957549,239.7300354392954,3,3,347.6382264973581,0,112.57630190477522,76.19698125706242,3,3,4.020568055428157,0,45.63980803724618,232.45537113650147,3,3,116.2644066154462,0,96.12856152946938,116.3937539126855,3,3,94.64361712410027
1,71.38905939475632,225.6756950409629,10,5,24590.8045578772,0,105.3692814767389,122.09869713558305,3,3,239.91507024900784,0,55.645555887341175,80.61135816155974,3,3,169.53323809716312,0,115.71146305072446,122.17295797556173,3,3,96.32597672840348,0,172.27466805253644,6.817751696279117,3,3,12.297053507769306
1,149.88701042392023,79.29681280237453,10,5,24873.124174676646,0,24.41117925110325,72.44790479850991,3,3,148.4084103463938,0,181.06943164118763,232.02520342121863,3,3,302.37273482856835,0,31.047978909030007,23.225787672775937,3,3,277.40882004022933,0,186.96908683688088,117.57053898167698,3,3,97.62371630278358
1,142.44191649759,210.77902601836036,10,5,24944.24512124346,0,75.12465449308152,64.16619721900574,3,3,189.66780466366617,0,66.7401562143668,123.07746283100676,3,3,146.62842202660977,0,14.212600850648442,93.56337430544059,3,3,51.95745703885768,0,79.35451145814304,207.58787406389231,3,3,60.50986351870961
1,159.60205898590445,61.9435787057035,10,5,25079.377410930265,0,190.00790146104097,222.4242712552934,3,3,347.84379893706864,0,112.74484659132858,104.04908348486867,3,3,173.80754737996176,0,249.68241946033285,121.4894046452292,3,3,45.90810887064799,0,130.7525199964775,156.84182249684469,3,3,148.11283230508707
1,94.98950753811636,144.7190921529902,10,5,25435.105186249682,0,203.2045975074429,110.55643867563873,3,3,42.72928783285715,0,17.364545063351613,147.42392400187794,3,3,114.38782511797763,0,24.26445680252374,150.33846445107562,3,3,40.829821800045465,0,106.95274624494806,202.61234660239913,3,3,238.4585171064391
1,139.37131080516477,87.65753855957796,10,5,25467.391228458015,0,47.41063084127197,174.65781693853395,3,3,121.06221960892435,0,37.77674144909136,238.8684257828274,3,3,147.54573183676257,0,34.83168091024362,52.63552228580596,3,3,10.199607975635445,0,124.00057393755705,131.54771043338994,3,3,98.26130504198954
1,133.83981106951478,216.3970121672787,10,5,25801.19905449789,0,91.92183628123166,212.82394909351734,3,3,269.155510964305,0,131.23535623098348,18.553959040509625,3,3,296.84615283225503,0,205.12975810446403,108.17911311857071,3,3,42.823522769554984,0,229.9257506765477,176.34886283371517,3,3,202.53847435861462
1,239.51647915668786,61.148021402285835,10,5,25857.665179727308,0,69.79735040684761,137.8226695471299,3,3,190.51364596552594,0,158.80972811127282,223.94901118727608,3,3,285.87477854985264,0,97.92329682391488,83.4970278242532,3,3,76.20381542955147,0,205.70033098444776,123.68938235705508,3,3,65.01141962718975
1,39.97319145238303,147.08683831872574,10,5,26200.035236273143,0,44.088309335044215,230.17284934602412,3,3,5.95421723949039,0,64.32094377903192,146.23275789405784,3,3,30.122690748892637,0,61.21377344869086,232.93670348661053,3,3,338.50010101987573,0,138.4774804539501,216.39195582234228,3,3,299.16248957928275
1,99.77284942865411,187.72259178817808,10,5,26568.677651124104,0,141.60200495735526,124.82953922264383,3,3,94.01840822285521,0,99.05305739132899,221.99128364122106,3,3,338.8068861577194,0,27.554536498772023,29.69638066619879,3,3,33.643677807620406,0,52.808576417609544,27.67672691763829,3,3,311.58137100693784
1,223.41732755448066,192.39368432157582,10,5,26570.193859499755,0,62.81014899573023,237.07851523340847,3,3,326.7829020321078,0,210.38643380068123,174.15961363686233,3,3,35.12910075709442,0,178.18233165932511,96.29148218917527,3,3,292.34205148333785,0,166.05730703365313,63.931059337687344,3,3,271.7581107933729
1,56.7300930516804,122.42872979573664,10,5,26609.010917348063,0,215.33445044052658,47.95276602862654,3,3,189.8477755333697,0,203.82690350733404,75.6507537896704,3,3,337.89316494994273,0,163.33166943851134,95.28827856337418,3,3,306.9270935764507,0,145.52347004939068,94.38547876867474,3,3,149.23739051307348
1,24.00443266885986,150.35475004314608,10,5,26954.519147436775,0,56.90372774656339,80.387878648413,3,3,3.6987736756782397,0,242.98447641872784,32.4546388806051,3,3,59.614217031219596,0,136.15234395261982,109.2693710184343,3,3,161.1020391086895,0,182.78924608835132,125.68461877744625,3,3,7.126511203288828
1,217.04355773265695,233.93590696539317,10,5,27203.78062451265,0,179.89976015597853,178.96276288349708,3,3,1.9830342538989498,0,172.76099175666957,149.47412049195682,3,3,96.35784348148809,0,106.43906403181043,252.16582155163272,3,3,80.66357247917767,0,239.4080385145718,72.11883723394513,3,3,292.582945308146
1,192.70122457522874,149.4525710649406,10,5,27233.382082830296,0,38.67884981954745,57.03490965686092,3,3,282.08749266146697,0,184.40299406059376,10.972057148187389,3,3,254.02062468202348,0,17.832015879118643,64.48590916519632,3,3,342.9019203085627,0,157.60254548184457,202.18703394055933,3,3,136.26221640880613
1,54.936851968827504,192.27605254757884,10,5,27398.144579577136,0,162.4709932817764,143.72705929563278,3,3,353.117995655939,0,214.97256362427507,105.3078239974466,3,3,4.051131483163772,0,243.52016447635103,117.63985968799827,3,3,166.05965088467565,0,243.76704276218774,227.63969825932233,3,3,340.3333245046233
1,14.07380227286175,164.5704877260809,10,5,27619.729519976805,0,19.452448167578524,96.30759602930789,3,3,218.34328094535522,0,214.04051897738353,220.31213226252112,3,3,26.78685490789212,0,151.77343320458948,52.37252500156396,3,3,165.13985070933995,0,158.9602642857924,26.867993526522014,3,3,242.89633451697955
1,80.22653760390449,134.9626614871855,10,5,27655.095106361037,0,231.3303163050458,82.3348106272164,3,3,48.99744009772621,0,246.85501989324678,118.7015016415317,3,3,70.95521559484405,0,23.283263091732323,213.84444018337817,3,3,275.9512648091368,0,179.12199586291075,30.048284032438715,3,3,103.92112392915078
1,80.94616358668162,178.60985287107357,10,5,27906.93931637998,0,156.5007968318274,244.50104725106527,3,3,153.28307788251914,0,15.585919991717134,127.88950226541212,3,3,18.164277005133044,0,47.39392368800182,97.33335042502159,3,3,124.12988063618951,0,244.1432500301802,207.05573476465148,3,3,196.677142332941
1,52.17174445001573,65.05315143104339,10,5,28061.70484895465,0,145.37904172955362,10.41568753412318,3,3,186.76273459603908,0,93.00048497878038,11.53680527156476,3,3,279.3784396323572,0,242.96321574768885,185.29841894104774,3,3,271.81186362267545,0,143.14711095035005,242.3430191668208,3,3,277.0145605192738
1,132.65003494662537,177.6764287931219,10,5,28234.614633721987,0,205.94872338762877,195.73676400736443,3,3,5.23766692344725,0,131.532074140317,143.86915029378784,3,3,210.90933791457428,0,211.58316413611007,236.07453563508028,3,3,24.158225839906947,0,252.2604684993491,109.06050191314768,3,3,254.53036516753855
1,235.2627319735104,214.3941673408563,10,5,28533.03869103965,0,113.2720626197735,104.73206192256947,3,3,164.67622070728612,0,161.07713828014977,46.93778544205986,3,3,45.49982556932082,0,198.0357894693487,197.62581851620067,3,3,349.73632364212244,0,144.3707180711503,88.13985166308655,3,3,192.8216448014864
1,47.24134005165109,110.87132094245783,10,5,28662.2774445919,0,52.58867718776909,246.35751350310252,3,3,356.0821170391355,0,71.18548711563395,182.17095694060023,3,3,359.37286456434595,0,41.29342474788319,224.29789171443923,3,3,51.97247366631029,0,54.64033900275834,166.84185903603506,3,3,130.1493172222872
1,73.6826317424314,175.88548911579483,10,5,28900.720621715645,0,189.66905712513432,6.264046474502123,3,3,119.32627045559275,0,31.555317533675804,236.16027585255958,3,3,96.87137765451553,0,79.15778884802901,18.577943346026274,3,3,80.16909080212281,0,150.54207853035143,12.726723682190055,3,3,332.07448267916334
1,16.83507982387935,47.041693627439024,10,5,29130.023894243088,0,249.17140710895356,198.83928316580986,3,3,214.4109849357883,0,200.39579614892497,243.25700080937455,3,3,256.23441066440864,0,102.10677538722669,241.61137172217684,3,3,189.88795173416293,0,203.1987909866978,123.93060359534115,3,3,291.3734214632276
1,157.9227327820068,200.19820013162314,10,5,29160.43564852206,0,146.81025589837893,151.79025825792252,3,3,74.87218816483437,0,64.1904798876352,215.2945339696163,3,3,38.16716991152862,0,41.79678948782234,64.81849249706855,3,3,270.93802436254555,0,233.91767279723533,132.16660790033885,3,3,144.5513133229142
1,213.28736753940018,36.9839732965391,10,5,29428.484247678825,0,70.73314657240314,200.2446730405175,3,3,220.29848357464653,0,116.06201405876791,242.81498870717968,3,3,171.24373440162162,0,11.785899200755239,47.749763055028694,3,3,133.0509944787227,0,189.14232461163846,32.54181692713206,3,3,317.8036195275963
1,224.63214046164626,177.79478260530257,10,5,29478.598023441722,0,157.73316831438348,223.9030386706006,3,3,312.4074601925204,0,68.12914202845943,26.224890573187537,3,3,266.19582100250045,0,247.30274942161768,110.081022549219,3,3,157.14482812205824,0,117.65283191783769,225.3456301422176,3,3,261.4313081551809
1,221.57996837059892,56.90138574970556,10,5,29486.02928251016,0,188.32267324718129,160.96180396125843,3,3,79.79764403903027,0,105.75156883638246,73.20836968239274,3,3,11.40875838595457,0,90.13065011736259,80.88979159762926,3,3,118.9621946122461,0,38.07778967164259,215.02507866123804,3,3,154.57205938142943
1,90.64438987586523,99.0526952919463,10,5,29678.20027014228,0,208.32754345669497,218.87313109747683,3,3,68.08148430452638,0,200.3187862771484,212.63767135770578,3,3,192.32676797715976,0,186.44676083000118,141.97936704841803,3,3,193.09742062123405,0,242.07731294899747,107.30675118426294,3,3,75.66583770261423
1,36.23445863419931,177.6968012849767,10,5,30028.5267238853,0,115.35777295678923,234.46610906827058,3,3,293.3407308098358,0,24.966141537252014,9.879448506412643,3,3,260.70696467173184,0,11.389595352711154,56.9106105699463,3,3,184.46868783813932,0,97.79836921716304,199.59628704539645,3,3,22.704624441437772
1,14.989240603170433,116.61568333045707,10,5,30294.82068917947,0,145.01391090891025,231.3002112010964,3,3,293.19826290983474,0,80.26183695389832,122.21350160030562,3,3,42.27444343616435,0,149.0856413799497,103.2903648823739,3,3,295.8732003639234,0,28.90660312832898,81.01951667742205,3,3,124.80567069020617
1,162.9927468796931,101.3406923061414,10,5,30353.969643859757,0,17.23910812063093,211.7913542118754,3,3,173.5257434516716,0,203.0590860567256,99.38241276413774,3,3,309.1484856471652,0,53.37959552589598,100.08259892117198,3,3,254.98420193151878,0,87.89310278676825,207.56789527594864,3,3,89.05923580360468
1,211.01019563612823,187.53984414936903,10,5,30673.89633979721,0,198.1142230576946,227.90878248497128,3,3,193.6044011035774,0,20.38271200080348,103.52547166247271,3,3,244.5787895166236,0,104.19039547290495,41.91243467168047,3,3,297.9553754232329,0,224.09261192793235,74.61453325115102,3,3,15.555633139079873
1,173.17532653986532,18.081937440516526,10,5,30809.441368250362,0,99.52758561724946,14.846779879020602,3,3,34.83001926739598,0,124.89587987584699,78.27876958164245,3,3,194.31165127523855,0,220.7726332085083,245.75071012755166,3,3,207.56597536623667,0,209.8296616953514,173.06887468689064,3,3,256.72722925535345
1,138.0735187318875,127.47531360086708,10,5,31161.600238255967,0,221.37221401607192,26.19530926558113,3,3,280.43890003565684,0,13.739864248433548,111.88558759099732,3,3,344.24986801431805,0,183.3147459908451,7.204061389773017,3,3,83.48675277259099,0,37.15877345482727,85.90991643105477,3,3,314.96218987507746
1,113.86963171659974,49.47153971664595,10,5,31280.925585534576,0,172.09101604261213,64.59755911827733,3,3,242.24561835990608,0,67.61002131095418,207.08864362304956,3,3,325.63408314331537,0,240.32899213763778,191.6526820379406,3,3,2.1329571421447326,0,57.42458824108638,79.95314806108675,3,3,205.06097307533128
1,74.8759030307614,69.33084629569304,10,5,31610.039055304875,0,106.95216426267643,92.14260205902286,3,3,298.45588463683816,0,221.085134494511,41.812114603405064,3,3,55.4096665329962,0,46.98589893325672,167.8528625120535,3,3,336.6749510566151,0,9.267796044366804,188.80683363116273,3,3,174.20481911757815
1,139.71077225902366,205.47995792864057,10,5,31718.07447539017,0,213.78584961775513,138.5076207133237,3,3,250.00010882398055,0,78.05206996572281,172.09952817427111,3,3,34.442640950437635,0,9.759502369008487,32.763438073868684,3,3,90.36868166679415,0,49.896473231958424,214.15149137355493,3,3,250.88515180457034
1,81.61862981375587,143.71529778985092,10,5,31832.642175223027,0,124.71000813318932,48.73692380071981,3,3,234.97614526932375,0,13.443610606465171,233.1988269712458,3,3,289.0594158343447,0,137.74090697729633,77.93549310567656,3,3,108.12069362536567,0,41.45186870549091,164.32098417445712,3,3,209.40119660759956
1,194.74294972763798,116.0720548631883,10,5,31870.015364486087,0,233.69095308660408,40.89315607715264,3,3,231.32209987035822,0,59.48267043075987,39.79658619138607,3,3,1.9996807243660442,0,82.89535565524915,213.96291236443767,3,3,18.842673397757608,0,155.8860273033416,33.48135129953059,3,3,140.62606467181467
1,226.55108957871244,129.9256891943766,10,5,32149.93236128672,0,242.91120037327562,124.879121867903,3,3,233.95762533909146,0,250.60691320879496,148.35653478188806,3,3,318.48474460014404,0,127.4418485223093,92.76764842311505,3,3,146.11223865441207,0,203.6186586016128,201.27143415386243,3,3,170.84366252479595
1,165.81719763808636,88.80506748069384,10,5,32277.784475049364,0,192.11747194558802,84.72457840424966,3,3,352.0295569889968,0,150.8767461871504,177.13352716881028,3,3,123.49135715191733,0,202.9123538572622,202.81233243714888,3,3,123.50630535505479,0,44.353177728568994,20.451124254346126,3,3,352.88477374614376
1,182.39877557109074,147.65068385075477,10,5,32356.125088517776,0,22.9388426977564,108.94400113493171,3,3,234.09169715873782,0,194.49565026490316,160.8128350849464,3,3,354.24650445008956,0,80.98447323784873,112.5824372638404,3,3,274.43457682333974,0,164.6247595821189,198.20375391350197,3,3,321.7116873455069
1,241.54537652286407,55.61713847920879,10,5,32474.710614009447,0,168.7731414799034,6.907695595976293,3,3,323.3449009499891,0,183.48306121988995,40.82826185053233,3,3,125.30714505517972,0,8.238210731028431,58.03662147984181,3,3,195.87894895060526,0,146.25475054524517,170.307073914156,3,3,4.918668499965861
1,62.15705333228537,109.05771969184963,10,5,32522.574777425343,0,117.03673070496387,176.34821954171062,3,3,226.66013889940587,0,221.86162788238533,244.05852642376462,3,3,173.72328882414877,0,185.9849800584786,174.25456669285234,3,3,237.43921652984864,0,31.347740784410178,11.09363763977774,3,3,200.58559137976772
1,39.85313363886334,47.343198953637724,10,5,32542.315332526272,0,9.1884222590879,109.62055343980256,3,3,16.765901511775155,0,106.46448984164957,50.526584432046064,3,3,299.23102548331735,0,4.2330007620404615,87.0238692511974,3,3,340.6177769994101,0,16.116364336469815,27.159051840847212,3,3,93.34940150786133
1,39.65541092928254,72.89916686127816,10,5,32871.29925497493,0,26.84003605888782,126.46076622374429,3,3,259.27368216573086,0,189.62311762233423,116.80794362196167,3,3,5.301769779158349,0,29.950750222902258,108.27137960165842,3,3,307.0240497889681,0,171.67602012083805,197.08462680696815,3,3,151.7980622038085
1,87.47196681213356,98.1233949798163,10,5,33052.9110427709,0,231.82194080668566,35.12634409519637,3,3,157.41872931225225,0,141.2330305808361,19.335345673725328,3,3,146.77129279656947,0,190.80690105320076,79.86163254792655,3,3,116.00359314274101,0,51.15054990413438,16.471915679281096,3,3,54.35814371072047
1,29.632693192720776,99.84356444500413,10,5,33077.57470015796,0,129.32058225508808,250.53250858964168,3,3,91.38763501297944,0,48.88612664429968,172.92480535978584,3,3,122.60538259856548,0,167.977453868256,100.39401861721734,3,3,14.513642554833496,0,118.53527671446079,49.73812332247229,3,3,345.9512837436778
1,114.70158528463448,68.13120173786344,10,5,33143.11024210112,0,183.25702030326312,88.24379980940961,3,3,8.35521867479838,0,183.78619158066402,67.38926723288722,3,3,201.26662439389474,0,59.93735152690854,78.00822908784542,3,3,215.1697504055046,0,45.36607764443565,192.3987442524803,3,3,44.517418047136744
1,91.1509324722515,34.092556272073054,10,5,33194.12647356315,0,95.08083403509167,195.60108800141163,3,3,329.9357733656434,0,42.005067185464696,40.3135113161413,3,3,249.06566528182884,0,102.06530206541024,151.89010152550077,3,3,294.0031595648179,0,22.769182492293282,86.2222457365425,3,3,70.73742152003979
1,110.0788366403346,88.76552985712704,10,5,33582.78909385185,0,89.90896860997023,189.42633353936336,3,3,278.54298204959196,0,106.12309428745291,137.05827858949974,3,3,23.235731670531095,0,47.1367737814908,225.2134479436373,3,3,242.74937615126692,0,209.80789304224805,83.43908638002009,3,3,11.965871936801705
1,231.17045307963434,150.91650303804172,10,5,33696.07227402694,0,11.829783160994879,199.37053001253133,3,3,359.8967920759387,0,90.46859659637667,63.59945895107023,3,3,15.34124389248609,0,147.0355849790337,51.64290741948267,3,3,350.9476741176477,0,146.5975953123302,190.30280644392224,3,3,274.22164903174416
1,73.0516006941493,22.797448819776168,10,5,33738.21090464235,0,61.08405372286285,199.1338883057299,3,3,180.62794291592581,0,104.29467274015951,29.084575056531406,3,3,335.83514432377706,0,203.35772774685032,84.4600984841687,3,3,187.22229183392483,0,52.743583626527965,208.51756088093234,3,3,292.9879660884326
1,183.004399619654,164.63962415726897,10,5,34060.4453192616,0,158.62328919424885,101.16433539545125,3,3,134.0110217981637,0,108.02204038470569,113.24364189535837,3,3,189.44655764073832,0,169.70826384186947,42.145882740632004,3,3,127.26225768585755,0,39.13016815352589,124.75747300532663,3,3,27.6473162431721
1,139.2714718383276,228.67989011995994,10,5,34118.051505496434,0,40.043086700696705,162.30878473426176,3,3,257.3068942175887,0,61.42803391227045,34.11859641520019,3,3,355.5651583522267,0,214.43861298430681,200.19419979632374,3,3,110.08178614181088,0,90.86523182141272,57.852584188462544,3,3,294.94226927123964
1,230.63775749951677,142.30845912898297,10,5,34284.74029654437,0,144.50466489932123,239.135974097646,3,3,42.37252832077502,0,185.12905603001508,146.85181732099366,3,3,291.3909552225159,0,100.11538761032236,39.93575050530558,3,3,109.81425642346585,0,208.43057731717036,148.52432137443677,3,3,292.6303184270291
1,55.92375186866478,26.951963571701512,10,5,34374.112717965574,0,94.34251722547495,66.3058612800333,3,3,238.98234758796752,0,53.82066576645704,151.53211169238753,3,3,317.46471575983014,0,80.72330142332223,7.814810547087262,3,3,186.19417861751572,0,73.57761291114758,53.59581547655176,3,3,126.69123886140005
1,200.5153179868833,58.22817563878634,10,5,34485.23867735359,0,184.71738991937002,12.200905694725009,3,3,183.8343332772638,0,201.10643692612078,196.81312294023505,3,3,18.62248694252048,0,181.41543780256757,42.356695300373985,3,3,254.1448472049451,0,3.788672071588053,192.883756760389,3,3,95.32636684639147
1,84.98874757017661,68.96467248253137,10,5,34681.04315544409,0,237.83323350993462,132.23396406220232,3,3,190.27783979594096,0,95.76495939761202,244.52467878848623,3,3,34.852139466194785,0,135.73411774342912,86.27439049413223,3,3,145.5262411322372,0,225.00394276201843,127.53977451176081,3,3,171.8604123041805
